<?xml version="1.0" encoding="UTF-8" ?>
<flash_parameters copyright="anvsoftPFMTheme">
    <preferences>
        <global>
            <basic_property movieWidth="720" movieHeight="288" startAutoPlay="true" backgroundColor="0x278000" continuum="true" html_title="" loadStyle="Bar" anvsoftMenu="false" hideAdobeMenu="false" photoDynamicShow="false" enableURL="false" transitionArray=""/>
            <title_property photoTitle="false" photoTitleX="5" photoTitleY="25" photoTitleSize="20" photoTitleFont="Verdana" photoTitleColor="0xffffff"/>
            <music_property path="" stream="false" loop="false"/>
            <photo_property topPadding="0" bottomPadding="0" leftPadding="0" rightPadding="0"/>
            <properties enable="false" backgroundColor="0xffffff" backgroundAlpha="30" cssText="a:link{text-decoration: underline;} a:hover{color:#ff0000; text-decoration: none;} a:active{color:#0000ff;text-decoration: none;} .blue {color:#0000ff; font-size:15px; font-style:italic; text-decoration: underline;} .body{color:#ff5500;font-size:20px;}" align="top"/>
        </global>
        <control>
            <basic_property showControl="false" showControlX="-30" showControlY="460" showPreviousButton="res/previous01.gif" showPreviousButtonX="50" showStopButton="res/stop01.gif" showStopButtonX="97" showPlayButton="res/play01.gif" showPlayButtonX="97" showNextButton="res/next01.gif" showNextButtonX="124" showSoundButtonX="182"/>
        </control>
    </preferences>
    <album>
        <slide jpegURL="thumbs/t_0001.jpg" d_URL="slides/p_0001.jpg" transition="29" panzoom="1" URLTarget="0" phototime="2" transitiontime="2" url="" title="banner05" width="720" height="288"/>
        <slide jpegURL="thumbs/t_0002.jpg" d_URL="slides/p_0002.jpg" transition="29" panzoom="1" URLTarget="0" phototime="2" transitiontime="2" url="" title="banner01" width="720" height="288"/>
        <slide jpegURL="thumbs/t_0003.jpg" d_URL="slides/p_0003.jpg" transition="29" panzoom="1" URLTarget="0" phototime="2" transitiontime="2" url="" title="banner02" width="720" height="288"/>
        <slide jpegURL="thumbs/t_0004.jpg" d_URL="slides/p_0004.jpg" transition="29" panzoom="1" URLTarget="0" phototime="2" transitiontime="2" url="" title="banner03" width="720" height="288"/>
        <slide jpegURL="thumbs/t_0005.jpg" d_URL="slides/p_0005.jpg" transition="29" panzoom="1" URLTarget="0" phototime="2" transitiontime="2" url="" title="banner04" width="720" height="288"/>
    </album>
</flash_parameters>
